Company US State,Total Companies,Total Revenue,Median Revenue
California,7,13711467.910000002,1405289.38
New York,4,21864034.3,5735645.494999999
,1,4145506.95,4145506.95
